activity,average
WALKING,-0.22103583811001964
WALKING_UPSTAIRS,-0.27012308669962964
WALKING_DOWNSTAIRS,-0.14090289958616412
SITTING,-0.5630310071275787
STANDING,-0.569688333663469
LAYING,-0.5553971753151775
